{
  "MAE": 3874.3001637577936,
  "RMSE": 4444.91405546568,
  "MAPE": 3.4500440262835745,
  "sMAPE": 0.03391632464375836,
  "MASE": NaN,
  "COV80": 0.9,
  "COV95": 0.9666666666666667,
  "WIDTH80": 14834.531863828788,
  "WIDTH95": 22687.458673003657
}